id,name,ig_followers,ig_handle,category,subcategory
32477,Sarcasm,11003768,sarcastic_us,Comedy & Memes,Viral & Memes
32262,Trolls Official,10967614,trolls_official,Comedy & Memes,Viral & Memes
31864,Memes And Movies Account,9540755,netflixnmovies,Comedy & Memes,Viral & Memes
16062,Ghantaa,8893120,ghantaa,Comedy & Memes,Viral & Memes
32478,The Adult Society,7465018,adultsociety,Comedy & Memes,Viral & Memes
32479,Log Kya Sochenge,5769401,log.kya.sochenge,Comedy & Memes,Viral & Memes
32255,Laughter Colours,4439222,laughtercolours,Comedy & Memes,Viral & Memes
48490,Motivational Thoughts,4327409,motivation_line_,"News, Media & Magazines",Feel-Good News / Stories
32481,Yahi Milenge Saare Content,3993819,aawww_cute,Comedy & Memes,Viral & Memes
32261,Archit Madaan,3761400,theindiansarcasm,Comedy & Memes,Viral & Memes
48440,Error 69,3425550,error69,"News, Media & Magazines",Lifestyle & Culture
32483,Dekhbhai,3291713,dekhbhai,Comedy & Memes,Viral & Memes
32486,Epic Media,3210181,_epic69,Comedy & Memes,Viral & Memes
32484,𝐓𝐡𝐞 𝐉𝐮𝐬𝐭 𝐁𝐞𝐧𝐜𝐡𝐞𝐫𝐬,3002907,thejustbenchers,Comedy & Memes,Viral & Memes
32517,Flirting Lines,2879047,flirting.lines,Comedy & Memes,Viral & Memes
32257,Fuddu Sperm️,2787757,fuddu_sperm,Comedy & Memes,Viral & Memes
32488,Be Harami,2701590,be_harami,Comedy & Memes,Viral & Memes
32485,Troll Fuckers,2687258,trollfuckers,Comedy & Memes,Viral & Memes
8973,Filmygags Memes,2645276,filmygags,Comedy & Memes,Viral & Memes
32487,Logkyakahenge,2610653,log.kya.kahenge,Comedy & Memes,Viral & Memes
32500,Love School Memes,2460699,_love_school_,Comedy & Memes,Viral & Memes
48437,Filmy Trollz,2410269,filmytrollz,"News, Media & Magazines",Lifestyle & Culture
32338,Epic Postu,2401445,epicpostu,Comedy & Memes,Viral & Memes
32495,Girlzfactsofficial -facts | Pranjal Hemnani,2330970,girlzfactsofficial,Comedy & Memes,Viral & Memes
32256,Adultfamily Official,2318458,adultfamily,Comedy & Memes,Viral & Memes
32493,Chutiyapa,2268582,chutiyapa_overdose,Comedy & Memes,Viral & Memes
32494,Just Lol Things,2202146,just.lol.things,Comedy & Memes,Viral & Memes
32499,School Days | Azeem Ahmed,2137165,school.days__,Comedy & Memes,Viral & Memes
48486,Sakht Logg,2122770,sakhtlogg,,
32502,High Bro Memes - Chirag Bothra,2042959,high.br0,Comedy & Memes,Viral & Memes
32498,School Wala Payar,1994742,schoolwalapayar,Comedy & Memes,Viral & Memes
32341,Mokka Postu,1943319,mokkapostu,Comedy & Memes,Viral & Memes
38825,Ursula Rocha,1804524,tababadeira,Comedy & Memes,Viral & Memes
32311,Life Of Student,1802789,_life.of.student_,Comedy & Memes,Viral & Memes
32497,Memes,1768490,theadultchats,Comedy & Memes,Viral & Memes
32501,Trolls/memes/comedy,1754872,thetrolls.in,Comedy & Memes,Viral & Memes
32503,𝙎𝙘𝙝𝙤𝙤𝙡 𝙁𝙚𝙫𝙚𝙧,1717906,theschoolfever,Comedy & Memes,Viral & Memes
32504,Daily_over_dose,1716152,daily_over_dose,Comedy & Memes,Viral & Memes
32258,Memes,1707157,thehumourcentre,Comedy & Memes,Viral & Memes
32505,Ashleel Gyaan,1700770,ashleelgyaaan_,Comedy & Memes,Viral & Memes
32347,Tamil Memes Chennai,787144,chennai_seigai,Comedy & Memes,Viral & Memes
48477,Sexy Sansar,786909,sexysansar_,Comedy & Memes,Viral & Memes
48453,Humorgagz,785282,humorgagz,Comedy & Memes,Viral & Memes
48459,Ghantagram_memes,785003,ghantagram_memes,Comedy & Memes,Viral & Memes
32562,Trollscharger,774788,trollcharger,Comedy & Memes,Viral & Memes
32730,Miss Sarcastic,774294,miss_saarcastic,Comedy & Memes,Viral & Memes
32556,Super Trolls,754457,supertrolls.in,Comedy & Memes,Viral & Memes
32580,𝙘𝙧𝙖𝙯𝙮 𝙗𝙖𝙠𝙘𝙝𝙤𝙙𝙞,742800,crazybakchodi,Comedy & Memes,Viral & Memes
32569,Viral Tales,735768,virals.tales,Comedy & Memes,Viral & Memes
48511,Motivation Milestone,730146,motivation.milestone,"News, Media & Magazines",Feel-Good News / Stories
32831,Unique Memes,706677,ashleel.ladkii,Comedy & Memes,Viral & Memes
48512,𝐔𝐏𝐒𝐂 𝐈𝐀𝐒 𝐈𝐏𝐒 𝐏𝐎𝐋𝐈𝐂𝐄 𝐎𝐅𝐅𝐈𝐂𝐄𝐑 𝐆𝐤,705408,motivationtalks.in,Comedy & Memes,Viral & Memes
48513,Shayari | Poetry | Motivation | Life,705335,motivation_melega,"News, Media & Magazines",Feel-Good News / Stories
32601,Schooldays | Abhay Kumar,700725,schoooldays,Comedy & Memes,Viral & Memes
32567,High Trolls,695887,hightrolls,Comedy & Memes,Viral & Memes
32557,The School Trolls,689407,theschooltrolls,Comedy & Memes,Viral & Memes
32316,Istudentfacts,681616,istudentsfacts,Comedy & Memes,Viral & Memes
48449,Naughty Family,675904,_naughtyfamily,Comedy & Memes,Viral & Memes
48457,Johnnylaalᵀᴹ Shubham,674453,johnnylaal,Comedy & Memes,Viral & Memes
32573,Indian Society,674232,indian_society,Comedy & Memes,Viral & Memes
32727,𝗩𝗜𝗥𝗔𝗟 𝗖𝗔𝗦𝗠𝗠,981199,viralcasmm,Comedy & Memes,Viral & Memes
32539,The Laugh Culture,980035,thelaughculture,Comedy & Memes,Viral & Memes
32306,Single Stud,964476,single.stud,Comedy & Memes,Viral & Memes
32552,Kaafi Sarcastic,959972,sarcastiic.hoon,Comedy & Memes,Viral & Memes
32611,Chilicasm,949510,chillcasm,Comedy & Memes,Viral & Memes
32668,Paapi Billu,919708,paapibillu,Comedy & Memes,Viral & Memes
32536,Roflbc 1m,917054,roflbc,Comedy & Memes,Viral & Memes
32610,𝗧𝘄𝗼 𝘀𝗶𝗱𝗲 𝗺𝗲𝗺𝗲𝗿,914367,twosidememerss,Comedy & Memes,Viral & Memes
32598,Couplebites,910129,_coupplebites,Comedy & Memes,Viral & Memes
32548,Love Quotes,900638,thecouplespoint,Comedy & Memes,Viral & Memes
32547,Papiduniyaa 1m,880429,papiduniyaa,Comedy & Memes,Viral & Memes
32540,Meme | Trolls | Friendship,878889,sarcastic.troll,Comedy & Memes,Viral & Memes
32568,Trollgramofficial,843909,trollgramofficial,Comedy & Memes,Viral & Memes
32546,Chutiya.spotted,839132,chutiya.spotted,Comedy & Memes,Viral & Memes
32308,The Tharki Society,831502,thetharkisociety,Comedy & Memes,Viral & Memes
32551,𝙈𝙀𝙈𝙀,827868,theadulttroll,Comedy & Memes,Viral & Memes
15927,Epicflirtyworld,821055,epicflirtyworld,Comedy & Memes,Viral & Memes
32724,Adultsutra 1m,820934,adultsutra,Comedy & Memes,Viral & Memes
102,Imran Choudhury,792166,imran_choudhury007,Comedy & Memes,Viral & Memes
32575,Ashleelsansar,791183,ashleelsansar,Comedy & Memes,Viral & Memes
32508,The Indian Fever,1678081,theindianfever,Comedy & Memes,Viral & Memes
48452,Cute Relationship Memes | Abhishek Watts,1637892,cuterelationship.in,Comedy & Memes,Viral & Memes
39098,Facts Of Students,1635004,facts.of.students,Comedy & Memes,Viral & Memes
48468,Thecomicflight,1629989,thecomicflight,Comedy & Memes,Viral & Memes
26270,Theneer Idaivelai,1584085,theneeridaivelai,Health,"Body, Body-care & Vitality"
32510,Haq Se Single,1563283,haq_se_single,Comedy & Memes,Viral & Memes
32603,Besties Love,1505041,_bestiies.4ever._,Comedy & Memes,Viral & Memes
32521,Pehla Pyar,1498971,pehla.pyar,Comedy & Memes,Viral & Memes
32515,Trollscasm,1488433,trollscasm,Comedy & Memes,Viral & Memes
32514,Dekh Pagli | Pratyaksha Jha,1449858,dekhpagli,Comedy & Memes,Viral & Memes
32518,Single Adda,1381274,singleadda.in,Comedy & Memes,Viral & Memes
32525,𝗕𝗮𝗰𝗸𝗯𝗲𝗻𝗰𝗵𝗲𝗿 𝗛𝗼𝗺𝗶𝗲,1374251,backbencherhomie,Comedy & Memes,Viral & Memes
32760,Memes | Comedy | Funny Reels,1344027,orgcasm,Comedy & Memes,Viral & Memes
32523,Naughtygram,1326315,naughty.gramm,Comedy & Memes,Viral & Memes
32528,Singles Society,1292121,singles.society,Comedy & Memes,Viral & Memes
32520,Tushar Sharma,1290360,shinchanmemes,Comedy & Memes,Viral & Memes
32318,Gujarati Jai,1230856,gujju_jalwa,Comedy & Memes,Viral & Memes
32522,Sarcastic Family,1211100,_sarcasticfamily_,Comedy & Memes,Viral & Memes
32553,Flirty Chats,1199972,flirtychats,Comedy & Memes,Viral & Memes
48504,Cool Success - Motivation,1140992,coolsuccess,Comedy & Memes,Viral & Memes
32671,Funny Jokes,1137652,funnyjokes_hindi,Comedy & Memes,Viral & Memes
32531,Viral Spoof,1104405,viralspoof,Comedy & Memes,Viral & Memes
13758,Instantbollybytes,1101507,instantbollybytes,Community Pages,Fan-Page: Movies & Movie-Celebs
32891,Chennaiist 1m,1091320,chennaiist,Comedy & Memes,Viral & Memes
32534,Ext Level Bakchodi,1084838,bakchodioverload,Comedy & Memes,Viral & Memes
32763,Bhai Ki Haveli,1080464,bhaikihaveli,Comedy & Memes,Viral & Memes
32530,Laughculture,1071049,laughculture,Comedy & Memes,Viral & Memes
32529,Naughty Society,1070001,_naughtysociety,Comedy & Memes,Viral & Memes
110,Aarish Shah19,1061345,aarish__shah19,Comedy & Memes,Funny Shorts
38147,My Love 4 Bollywood,1058732,mylove4bollywood,Community Pages,Art & Artist Community Page
32526,Just Hasley Things,1051796,just.hasley.things,Comedy & Memes,Viral & Memes
32325,Vadivelu Memes,1047231,vadivelumemes,Comedy & Memes,Viral & Memes
32571,Fun Factorss 1m,1038318,fun_factorss,Comedy & Memes,Viral & Memes
32535,Trollcasmic 2m,1025146,trollcasmic,Comedy & Memes,Viral & Memes
48475,Sariflog | Vishal Goel,1023537,sariflog,Comedy & Memes,Viral & Memes
32545,Desi Crap -memes | Raj Ramesh Jain,1020162,desi.crap,Comedy & Memes,Viral & Memes
32726,𝗧𝗵𝗲 𝗥𝗲𝗮𝗹 𝗦𝗮𝗿𝗰𝗮𝘀𝗺𝘀,1009490,therealsarcasms,Comedy & Memes,Viral & Memes
32702,Naughtycasmm,1008476,naughtycasmm,Comedy & Memes,Viral & Memes
32346,Chennai Talkies,1008045,chennaitalkies,Comedy & Memes,Viral & Memes
32345,Star Corner,1005058,starcorner,Comedy & Memes,Viral & Memes
32578,Bawa Booze,668835,bawabooze,Comedy & Memes,Viral & Memes
32564,Fuddu Baba,663079,fuddu_baba,Comedy & Memes,Viral & Memes
32563,Naughtyasmm,653274,naughtyasmm,Comedy & Memes,Viral & Memes
23028,Yuvaa,645329,weareyuvaa,,
48469,Chole Chawal,639875,choleychawal,Comedy & Memes,Viral & Memes
43733,Doraemon Memes™,639037,doraemon.memes__,Comedy & Memes,Viral & Memes
32579,Maaldebro,638678,maaldebro,Comedy & Memes,Viral & Memes
16087,Happy Faces Goal,636580,happyfacesgoal,Comedy & Memes,Viral & Memes
32731,Idioticnation,626701,idioticnation,Comedy & Memes,Viral & Memes
32761,Indian Toxic Meme,619161,indiantoxicmeme,Comedy & Memes,Viral & Memes
48467,Best Memes And Reels,618695,highandlaugh,Comedy & Memes,Viral & Memes
32594,Couple Love,609488,couple_luww,Comedy & Memes,Viral & Memes
48474,Sarif Girls,608669,sarifgirls,Comedy & Memes,Viral & Memes
32300,Confused Aatma,600321,confused.aatma,Comedy & Memes,Viral & Memes
32735,The Adult Hub,597748,theadulthub_,Comedy & Memes,Viral & Memes
32293,Addicted To Memes,596365,addicted_to__memes,Comedy & Memes,Viral & Memes
32315,Epic Like Bro | Akash Pawar,588398,epic.like.bro,Comedy & Memes,Viral & Memes
32755,Tharki Troll,588049,tharkitroll,Comedy & Memes,Viral & Memes
32822,Flirtingstudent,582142,flirtingstudent,Comedy & Memes,Viral & Memes
32592,𝗦𝗟𝗔𝗬𝗦𝗢𝗖𝗜𝗘𝗧𝗧𝗬,581661,slaysocietty,Comedy & Memes,Viral & Memes
10165,Love You Always Dear,470499,love_you_always_dear,Comedy & Memes,Viral & Memes
32774,Adult Munde,467531,adultmunde,Comedy & Memes,Viral & Memes
32591,Thecollegeboyy,466578,thecollegeboyy,Comedy & Memes,Viral & Memes
32770,Naughty Bro,465730,naughtybro_,Comedy & Memes,Viral & Memes
32817,The Shayari World,465466,_the.shayari.world,Comedy & Memes,Viral & Memes
32608,Friendshipgangs,462478,friendshipgangs,Comedy & Memes,Viral & Memes
32721,The Troll Factory,459720,the.troll.factory,Comedy & Memes,Viral & Memes
32321,Troll Anthammas,457118,trollanthammas,Comedy & Memes,Viral & Memes
32737,Bestie World,453786,bestieeworld_,Comedy & Memes,Viral & Memes
32734,69 Harami,452121,69harami,Comedy & Memes,Viral & Memes
32588,School Culture,451011,theschoolculture,Comedy & Memes,Viral & Memes
32669,Meme Flick,450792,meme_flick,Comedy & Memes,Viral & Memes
32739,Bestiess4evers,443138,bestiess4evers,Comedy & Memes,Viral & Memes
32722,Memes | Comedy,442306,desihumour69,Comedy & Memes,Viral & Memes
32775,Girl Admin,436025,flirtingsocietyy,Comedy & Memes,Viral & Memes
32296,Mallu Thugs,430582,malluthugs,Comedy & Memes,Viral & Memes
32361,Vadivelu Version,428624,vadiveluversion,Comedy & Memes,Viral & Memes
32363,Orukadhasollatasir | Okss,427313,orukadhasollatasir.okss,Comedy & Memes,Viral & Memes
32626,Rich Couples,419446,therichcouples,Comedy & Memes,Viral & Memes
48456,Desithuglife By Krishna Sharma,419286,desithuglife,Comedy & Memes,Viral & Memes
32800,Posts Which Make You Go Awww,529460,awww.gram_,Comedy & Memes,Viral & Memes
32609,The Besties 4 Ever,529131,besties4ever.in,Comedy & Memes,Viral & Memes
32352,Tamil Memes,519160,irukku_inga_fun_irukku,Comedy & Memes,Viral & Memes
32597,𝐖𝐞𝐥𝐜𝐨𝐦𝐞 𝐓𝐨 𝐈𝐝𝐢𝐨𝐭𝐢𝐜 𝐆𝐲𝐚𝐧,517235,idioticgyan,Comedy & Memes,Viral & Memes
32583,Be Tharaki,515316,be_tharaki,Comedy & Memes,Viral & Memes
32732,Fact About Girls,513807,naughtyuncle_,Comedy & Memes,Viral & Memes
20996,Couplesocietty,513770,couplesocietty,Comedy & Memes,Viral & Memes
32614,𝐓𝐡𝐞 𝐋𝐚𝐬𝐭 𝐁𝐞𝐧𝐜𝐡𝐞𝐫𝐬,507719,thelastbenchrs,Comedy & Memes,Viral & Memes
32619,Devar Jee Official,505713,devar.jee,Comedy & Memes,Viral & Memes
32738,𝐓𝐡𝐞 𝐂𝐨𝐮𝐩𝐥𝐞 𝐒𝐨𝐜𝐢𝐞𝐭𝐲,501386,thecouplesocietty,Comedy & Memes,Viral & Memes
32353,Video Memes,499980,videomemes.vm,Comedy & Memes,Viral & Memes
32736,Naughty Insta,499294,naughtyinstaaa,Comedy & Memes,Viral & Memes
32615,Tn Memes,494735,trollsnations,Comedy & Memes,Viral & Memes
32360,90's Parithabangal,489651,90s_parithabangal,Comedy & Memes,Viral & Memes
32355,Tamil Pasanga,480986,tamilpasanga_,Comedy & Memes,Viral & Memes
32813,Burned Diary | Saransh Tiwari,478285,burned.diary,Comedy & Memes,Viral & Memes
48461,Memes,477957,sarcasm_u,Comedy & Memes,Viral & Memes
16042,The Writing Spook,475569,thewritingspook,"News, Media & Magazines",Feel-Good News / Stories
32606,𝗡𝗮𝘂𝗴𝗵𝘁𝘁𝘆𝗦𝘁𝘂𝗳𝗳,471572,naughttystuff,Comedy & Memes,Viral & Memes
30510,The Desi Stuff,471250,thedesistuff,Comedy & Memes,Viral & Memes
48476,Check To Karo,579666,hutiyagram,Comedy & Memes,Viral & Memes
32754,The Desi Troll,579475,the.desi.troll,Comedy & Memes,Viral & Memes
48515,Motivation | Success | Business,575474,motivationline265,"News, Media & Magazines",Feel-Good News / Stories
32757,Collegecasm™ 1m,573523,collegecasm,Comedy & Memes,Viral & Memes
48472,Comic Dad,566915,comicdad,Comedy & Memes,Viral & Memes
32756,69 Doze™ 1m,566268,69doze,Comedy & Memes,Viral & Memes
32581,Ashleelbillu,560877,ashleelbillu,Comedy & Memes,Viral & Memes
32585,Naughtysociety,559558,naughty_societty,Comedy & Memes,Viral & Memes
32587,Mr Johnny Bhai,558922,mr_johnny_bhai,Comedy & Memes,Viral & Memes
32889,Amazing Amdavad || Ahmedabad Previously ||,558400,amazing.amdavad,Community Pages,City-focused Content
32590,𝗡𝗔𝗨𝗚𝗛𝗧𝗬𝗛𝗨𝗠𝗢𝗨𝗥𝗦,555378,naughtyhumours,Comedy & Memes,Viral & Memes
48471,The Indian Poop,554171,theindianpoop,Comedy & Memes,Viral & Memes
32759,Check To Karo,553142,eassybro,Comedy & Memes,Viral & Memes
32343,Belikekaipulla,549536,belikekaipulla,Comedy & Memes,Viral & Memes
32720,Idioticschool (accepting Soon),544310,idioticschool,Comedy & Memes,Viral & Memes
32350,Vera Level Memes,543535,vera_level_memes,Comedy & Memes,Viral & Memes
32635,Brocasm,542821,brocasm,Comedy & Memes,Viral & Memes
32595,Thenaughtytrolls,541838,thenaughtytrolls,Comedy & Memes,Viral & Memes
48463,Chotu Sarcastic,537282,chotusarcastic,Comedy & Memes,Viral & Memes
32711,Check Toh Karo,535285,adultsutta,Comedy & Memes,Viral & Memes
32628,Besties Forever,418783,besties_foreveerr,Comedy & Memes,Viral & Memes
32612,Check To Karo,417248,_ashleelbro_,Comedy & Memes,Viral & Memes
32263,Indian Memes,411761,theindianmemes,Comedy & Memes,Viral & Memes
32356,Cricket Tamizhan,410602,cricket.tamizhan,Comedy & Memes,Viral & Memes
32823,Thetrolllsfamily,407439,thetrollsfamily,Comedy & Memes,Viral & Memes
32780,Teri Meri Bakchodiyan,404514,teri_meri_bakchodiyan,Comedy & Memes,Viral & Memes
32667,Meme Culture,397313,memecultures.in,Comedy & Memes,Viral & Memes
48479,Couples Forever,396023,couple.school_,Comedy & Memes,Viral & Memes
32704,Ghantazindagii,393637,ghantazindagii,Comedy & Memes,Viral & Memes
32707,𝗗𝗢𝗥𝗔𝗘𝗠𝗢𝗡 𝗧𝗥𝗢𝗟𝗟𝗦,393078,doraemon_trolls,Comedy & Memes,Viral & Memes
43728,𝗠𝗲𝗺𝗲𝘀 𝗕𝘆 𝗠𝗱 𝗠𝗼𝗷𝗮𝘀𝘀𝗶𝗺,392669,laughwith_mm19,Comedy & Memes,Viral & Memes
48451,𝐌𝐞𝐦𝐞 𝐓r𝐨𝐥𝐥𝐬,391449,memetolls,Comedy & Memes,Viral & Memes
48450,Desi Society,389674,_desisociety,Comedy & Memes,Viral & Memes
32808,School Wala Love | Memes,385592,school.wala.love,Comedy & Memes,Viral & Memes
38148,Webseriesmania,385590,webseriesmania,Comedy & Memes,Viral & Memes
32359,Tamil Memes,385435,orukadhasollattasir,Comedy & Memes,Viral & Memes
48454,Altu Faltu,381420,altu.faltu,Comedy & Memes,Viral & Memes
32750,Tharki Sochh,374959,tharki.sochh,Comedy & Memes,Viral & Memes
38486,Kartik Singh,373459,half_zindagi,Community Pages,Fan-Page: Movies & Movie-Celebs
48465,Funnybr0,371762,funnybr0,Comedy & Memes,Viral & Memes
38149,Theironicalbaba Amit Singla,369576,theironicalbaba,Comedy & Memes,Viral & Memes
32369,Ponga Soru Memez,369207,ponga_soru_memez,Comedy & Memes,Viral & Memes
32766,Tharaki Facts,367397,tharaki.facts,Comedy & Memes,Viral & Memes
32617,Ashleelhomie,366563,ashleelhomie,Comedy & Memes,Viral & Memes
32764,Be Hawsi,364045,be_hawsi,Comedy & Memes,Viral & Memes
32706,Town Full Of Sarcasm,359737,sarcastic.town,Comedy & Memes,Viral & Memes
32782,Check To Karo,359011,singlesplace,Comedy & Memes,Viral & Memes
1402,ᕼ ᗩᗰᗩᒪᗪᗩs,356814,mhamaldas,Entertainment,Fun-Content
32824,Farzigags,352810,farzigags,Comedy & Memes,Viral & Memes
29472,Marathi Memes And Trolls,351565,marathi_memes_and_trolls,Comedy & Memes,Viral & Memes
40358,I Am A Marathi Teacher,351169,ifeelmarathi,Comedy & Memes,Viral & Memes
32812,The Meme Factory,350100,memesfactory.ig,Comedy & Memes,Viral & Memes
10634,Ammy Virk Fans Club,347480,ammyvirkfansclub,Community Pages,Fan-Page: Sports & Sports-Celebs
32622,Naughty School,346268,_naughtyschool_,Comedy & Memes,Viral & Memes
32373,Shinchan Tamil,345249,shinchantamil.in,Comedy & Memes,Viral & Memes
32986,Kaipulla Memes,344847,kaipulla_memes2.0,Comedy & Memes,Viral & Memes
48478,𝗠𝗘𝗠𝗘 | 𝗤𝗨𝗢𝗧𝗘𝗦 | 𝗟𝗢𝗩𝗘,343473,bestiess.forever_,Comedy & Memes,Viral & Memes
32616,𝐇𝐮𝐦𝐨𝐫𝐂𝐚𝐬𝐦𝐢𝐜,343242,humorcasmic,Comedy & Memes,Viral & Memes
32368,Chennai Ponnunga Da,342598,chennaiponnungada,Comedy & Memes,Viral & Memes
32825,Friendship Goal,341728,myfriendshipgoal,Comedy & Memes,Viral & Memes
32426,Memes With Makkal,341238,memeswithmakkal,Comedy & Memes,Viral & Memes
43759,Happy Moments,337866,making.men.happy,Comedy & Memes,Viral & Memes
32623,69 Error,336517,69error,Comedy & Memes,Viral & Memes
32705,Memes | Reels | Drama,334695,indianmemegram,Comedy & Memes,Viral & Memes
32618,Chalbyeyaar,334293,chalbyeyaar,Comedy & Memes,Viral & Memes
29466,Hebaghbhava-,334290,hebaghbhava,Comedy & Memes,Viral & Memes
45008,Hyd Meme Wala,333122,hyderabadimemewala,Comedy & Memes,Viral & Memes
32802,Relationship Goals,330327,couple.goals.tales,Comedy & Memes,Viral & Memes
32365,Video Memes,329117,videomemes.in,Comedy & Memes,Viral & Memes
32625,Naughty Sarcasm,322249,_naughtysarcasm,Comedy & Memes,Viral & Memes
48482,The Girls Sayings,316035,the.girls.sayings,,
32783,𝗧𝗵𝗲 𝗜𝗱𝗶𝗼𝘁𝗶𝗰 𝗧𝗿𝗼𝗹𝗹,313324,theidiotictroll,Comedy & Memes,Viral & Memes
32637,Naughtybillu,313155,_naughtybillu_,Comedy & Memes,Viral & Memes
32690,Nasty Gag,311167,nastygag,Comedy & Memes,Viral & Memes
48480,𝙎𝙖𝙧𝙘𝙖𝙨𝙩𝙞𝙘 𝙏𝙪𝙗𝙚,308277,sarcastictube,Comedy & Memes,Viral & Memes
13539,Srushti Shah,306708,ssrushti,Fitness,Training & Fitness
32367,Encounter Ekambaram,304125,encounter___ekambaram,Comedy & Memes,Viral & Memes
32768,Girl Admin,298524,sarcasmicschool_,Comedy & Memes,Viral & Memes
32629,Naughtyjokes,296448,_naughtyjokes,Comedy & Memes,Viral & Memes
32364,Thug Tamil,294672,thug_.tamil_,Comedy & Memes,Viral & Memes
32787,𝘿𝙚𝙨𝙞 𝙅𝙤𝙠𝙚,293423,desii.joke,Comedy & Memes,Viral & Memes
32371,Ennama__anga__satham,292382,ennama__anga__satham,Comedy & Memes,Viral & Memes
32642,One Side Lovers,287702,one_side_lovers,Comedy & Memes,Viral & Memes
32264,Office Memes For Working Teens,282624,officememesforworkingteens,Comedy & Memes,Viral & Memes
41197,Americanrilafrustration - Anlf,281911,america_nri_la_frustration,Comedy & Memes,Viral & Memes
46081,Hasle Bhaii,280843,hasle.bhaii,Comedy & Memes,Viral & Memes
32692,Epicschooldayss,280548,epicschooldayss,Comedy & Memes,Viral & Memes
32621,Single Logo Ki Army,278557,singlesena_,Comedy & Memes,Viral & Memes
32374,Kaipulla Talkies,271850,kaipullatalkies,Comedy & Memes,Viral & Memes
23122,Chavat Tatya,271330,chavat_tatya,Comedy & Memes,Viral & Memes
32708,Check To Karo,270061,fukreyculture,Comedy & Memes,Viral & Memes
32765,Tharki Damad,269925,damad_jee,Comedy & Memes,Viral & Memes
28053,Haramiparindey,266675,haramiparindey,Comedy & Memes,Viral & Memes
32641,Ashleelculture,265365,ashleelculture,Comedy & Memes,Viral & Memes
32376,𝗩𝗶𝗿𝗮𝗹 𝗣𝗼𝘀𝘁𝘂,265111,viralpostu,Comedy & Memes,Viral & Memes
32792,Adulttroll.ig,264748,theadulttroll.ig,Comedy & Memes,Viral & Memes
32640,Shinchan Memes,261393,shinchan.meme,Comedy & Memes,Viral & Memes
32379,Bachelor Of Entertainment,260929,bachelor.of.entertainment,Comedy & Memes,Viral & Memes
32747,Official Page Of Flirtnations,260698,flirtynations,Comedy & Memes,Viral & Memes
32713,Our School Life,259560,ourschoolife,Comedy & Memes,Viral & Memes
32758,Funny Wala,257956,funny_wala,Comedy & Memes,Viral & Memes
32378,Troll Postu,257560,trollpostu,Comedy & Memes,Viral & Memes
32382,Single Seyalgal,254373,singleseyalgal,Comedy & Memes,Viral & Memes
32383,Showkalis Swag,254186,showkalis_swag,Comedy & Memes,Viral & Memes
40365,Rookieedits,249826,rookieedits_,"News, Media & Magazines",Entertainment
32785,𝗦𝗶𝗻𝗴𝗹𝗲𝘀 𝗛𝘂𝗯,249131,singleshubb,Comedy & Memes,Viral & Memes
32326,R A A G H U L,249038,cringe_c.at,Comedy & Memes,Viral & Memes
48442,Check To Karo,248694,bestie.ka.pyar,Comedy & Memes,Viral & Memes
32380,Half Boil Memes,238417,halfboilmemes_2.0,Comedy & Memes,Viral & Memes
26290,We Memkar,237293,aamhimemekar,Comedy & Memes,Viral & Memes
32673,𝗧𝗵𝗲 𝗦𝗰𝗵𝗼𝗼𝗹 𝗟𝘆𝗳,234840,theschoolyf,Comedy & Memes,Viral & Memes
8090,Bakchod Nation,233511,bakchod_nation,Comedy & Memes,Viral & Memes
32714,𝗧𝗛𝗔𝗥𝗔𝗞 𝗙𝗟𝗜𝗫,232649,tharakflix,Comedy & Memes,Viral & Memes
32677,S A R C A S M I C Boi,231642,sarcasmic.boi,Comedy & Memes,Viral & Memes
25291,Shubham Khurana,229283,corporatcomics,Arts,Doodling & Animation
32644,Memes | Comedy | Drama,227114,schoolmemories.ig,Comedy & Memes,Viral & Memes
32816,Memes | Comedy | Laughter,227114,flirting.school,Comedy & Memes,Viral & Memes
32295,Mysuru Memes,225535,mysuru_memes,Community Pages,City-focused Content
32298,The Dope Indian,225458,thedopeindian,Comedy & Memes,Viral & Memes
26603,Urbanasian,224944,urbanasian,"News, Media & Magazines",Entertainment
32773,𝗗𝗲𝘀𝗶 𝗧𝗿𝗼𝘂𝗯𝗹𝗲,219960,desitrouble,Comedy & Memes,Viral & Memes
32384,Maja Version,219872,majaversion,Comedy & Memes,Viral & Memes
32390,Meme.engineering.m.e,219571,meme.engineering.m.e,Comedy & Memes,Viral & Memes
32395,Be Like Sagala,218582,belikesagala,Comedy & Memes,Viral & Memes
32388,90s Kids Daw,217956,90skidsdaw_,Comedy & Memes,Viral & Memes
27942,Lucknow,217782,lucknow_memes,Community Pages,City-focused Content
32381,Besties,214394,besties_meme,Comedy & Memes,Viral & Memes
32319,Bengaluru Adda,213530,bengaluruadda,Comedy & Memes,Viral & Memes
32386,𝙏𝙧𝙤𝙡𝙡𝙨𝙞𝙣𝙜𝙡𝙚𝙨,212128,trollsingles,Comedy & Memes,Viral & Memes
32385,Jill Jung Juck,208692,_jill_jung_juck,Comedy & Memes,Viral & Memes
32389,Masala_poori_memes_official,208212,masala_poori_memes,Comedy & Memes,Viral & Memes
32645,Ashleeldude,207803,ashleeldude,Comedy & Memes,Viral & Memes
45659,Nagpur's Club Official,206886,nagpursclub_,Comedy & Memes,Viral & Memes
32749,Masti Ka Doze,204392,mastikadoze,Comedy & Memes,Viral & Memes
32719,Rooh,204059,creativesarxasm,Comedy & Memes,Viral & Memes
32772,Check Toh Karo,198742,thengineerslife,Comedy & Memes,Viral & Memes
11599,Sunil Minglani,197261,sunilminglani,"News, Media & Magazines",Business & Finance
32743,Friendshipschoool,196782,friendshipschoool,Comedy & Memes,Viral & Memes
32740,Dont Visit,196511,_love.connection._,Comedy & Memes,Viral & Memes
32276,Quotes | Sarcasm | Comics,194233,bossbitch.10,Comedy & Memes,Viral & Memes
32663,Inscribed Feelings,193493,inscribedfeelingss,Comedy & Memes,Viral & Memes
32633,𝐏𝐫𝐚𝐧𝐤𝐢𝐧𝐭𝐨,191737,prankinto100,Comedy & Memes,Viral & Memes
32683,Be Ashleel Stay Ashleel,191363,be.ashleel,Comedy & Memes,Viral & Memes
38555,School Wali Baatein,190755,school.wali.baatein,Comedy & Memes,Viral & Memes
32742,Thecrush4ever (tce),190375,crush4ever.in,Comedy & Memes,Viral & Memes
32680,Nahidegi,189440,_nahidegi_,Comedy & Memes,Viral & Memes
32744,𝐓𝐡𝐞 𝐁𝐚𝐜𝐤 𝐁𝐞𝐧𝐜𝐡𝐞𝐫,186231,thebackbnchers,Comedy & Memes,Viral & Memes
32651,Bro Addict Official,185937,bro.addict,Comedy & Memes,Viral & Memes
32643,Impress Your School Crush,185538,baack.benchers,Comedy & Memes,Viral & Memes
13403,Selwyn D’souza,183008,sellydsouzaaa,Comedy & Memes,Viral & Memes
32658,Tum Kyaa Jaano,182430,tum_kyaa_jaano,Comedy & Memes,Viral & Memes
32436,Tamil Crazy Vidz,182375,tamil_crazy_vidz,Comedy & Memes,Viral & Memes
32647,Girl Admin,179477,thecomicvilla,Comedy & Memes,Viral & Memes
32771,Bakchoditroll,178654,bakchoditroll,Comedy & Memes,Viral & Memes
32387,Araathi Ponnunga Da,177515,araathiponnungada,Comedy & Memes,Viral & Memes
32475,Update Tamil,176439,90s_kids__memes,Comedy & Memes,Viral & Memes
32678,𝗘𝗽𝗶𝗰𝘀𝗼𝗰𝗶𝗲𝘁,176226,epicsocietty,Comedy & Memes,Viral & Memes
32751,Tharki Us,175864,tharki.us,Comedy & Memes,Viral & Memes
32685,School Life,175637,schoool.lyf,Comedy & Memes,Viral & Memes
41231,Asrith Ayan,174485,mr_funny__music,Community Pages,Fan-Page: Movies & Movie-Celebs
32648,Dream 300k,173913,reelslove.ig,Comedy & Memes,Viral & Memes
32393,Half Boil Videos,172913,halfboilvideos,Comedy & Memes,Viral & Memes
32283,Pcmb Memes,172309,pcmbmemes,Comedy & Memes,Viral & Memes
32679,Ghantatube,171585,ghantatube,Comedy & Memes,Viral & Memes
32391,Thalaivar Postu,171577,thalaivarpostu,Comedy & Memes,Viral & Memes
32784,𝐂𝐡𝐞𝐜𝐤 𝐓𝐨 𝐊𝐚𝐫𝐨,171290,justengineerslife,Comedy & Memes,Viral & Memes
32682,Oddy Meme,170528,oggymeme,Comedy & Memes,Viral & Memes
32289,Commerce Memes And Education,164505,commercian.life,Comedy & Memes,Viral & Memes
32776,Memes,164304,bewde_chacha,Comedy & Memes,Viral & Memes
44204,Hutiyapa,163582,h.u.t.i.y.a.p.a,Comedy & Memes,Viral & Memes
2464,Who Wore What,162223,whoworewhat.club,Community Pages,Fan-Page: Movies & Movie-Celebs
32630,Indian Bombs,162048,18plussocietyy,Comedy & Memes,Viral & Memes
11556,Antic Amdavadi,160355,antic_amdavadi,Comedy & Memes,Viral & Memes
32684,The Funky Classes,160078,funky.classes,Comedy & Memes,Viral & Memes
32650,Cartoons Media,158837,cartoons.media,Community Pages,Gaming & Anime Community Page
41115,Comic.world,157704,comicalworldd,Comedy & Memes,Viral & Memes
32399,Mokka Sir,154348,mokkasir,Comedy & Memes,Viral & Memes
32649,𝗔𝗱𝗺𝗶𝗻 𝗴𝗶𝗿𝗹,153431,_frnds.forever_,Comedy & Memes,Viral & Memes
39334,Comedywala..,153341,_comedywal.a,Comedy & Memes,Viral & Memes
6018,Naughtyhome,151870,naughty_home,Comedy & Memes,Viral & Memes
32786,Desilaughters,151027,desilaughters,Comedy & Memes,Viral & Memes
32398,Sumar Postu,150856,sumarpostu,Comedy & Memes,Viral & Memes
32827,Mba Memewale,150555,mba.memewale,Comedy & Memes,Viral & Memes
32401,Madras Memoirs,149234,madrasmemoirs,Community Pages,City-focused Content
32396,Memer Postu,147728,memerpostu,Comedy & Memes,Viral & Memes
32402,Belikemachi,147504,belikemachi,Comedy & Memes,Viral & Memes
32327,I.t. Memes,146806,itmemezz,Comedy & Memes,Viral & Memes
32698,Girly Life,145838,girlylife_._,Comedy & Memes,Viral & Memes
32285,Icse Memes,141101,icse_toughest_of_all_existing,Comedy & Memes,Viral & Memes
48445,Post Se Dil Ko Chuu Loonga,139339,sarifduniyaa,"News, Media & Magazines",Feel-Good News / Stories
32465,Vayasu Pasanga,138981,vayasu_pasanga_official,Comedy & Memes,Viral & Memes
45278,Brown People Humor,138479,brown_people_humor,Comedy & Memes,Viral & Memes
32778,Sutta,134059,idiotic.sutta,Comedy & Memes,Viral & Memes
32405,Kumuthahappyannachi,133718,kumuthahappyannachi,Comedy & Memes,Viral & Memes
32314,Epic Memes,132440,epic.daily.meme,Comedy & Memes,Viral & Memes
32471,Top Uh Tucker,132040,top_uh_tucker_,Comedy & Memes,Viral & Memes
32407,Vera Level Memes Offl,131087,vera_level_memes_offl,,
12345,Gulzaar Shayri Quotes,130260,___writer___kanha,Community Pages,Art & Artist Community Page
32403,Besties,130193,besties_meme2.0,Comedy & Memes,Viral & Memes
32458,Teddy Bgm 2 0,129375,teddybgm2.0,,
32406,Naughty Thamizha,129065,naughtythamizha,Comedy & Memes,Viral & Memes
32286,Medical Memecitis,127764,memecitis,Comedy & Memes,Viral & Memes
10772,True Love With You,127358,true_love_with_you_,Comedy & Memes,Viral & Memes
32329,Slow X Reverb,124302,slowxreverb,Comedy & Memes,Viral & Memes
1713,Law_icon_our_rights,123883,legalrights__,"Law, Rights & Activism",Human Rights & Equality
41400,Debasish Swain,123283,memes.bks,Comedy & Memes,Viral & Memes
29476,Net,120276,netsamraat,Comedy & Memes,Viral & Memes
11555,Brunt.and.burgers,119472,brunt.and.burgers,Comedy & Memes,Viral & Memes
7315,Vivek Balaji,117687,beingvivekbalaji,Comedy & Memes,Viral & Memes
32281,Wholesome×baazi,116536,sarcasmm.exe,Comedy & Memes,Viral & Memes
32686,Honey Sperm,116269,horneysperm,Comedy & Memes,Viral & Memes
32661,𝐓𝐫𝐨𝐥𝐥𝐬𝐜𝐚𝐬𝐭𝐢𝐜,112889,trollscastic,Comedy & Memes,Viral & Memes
32691,Oye Sun,110356,oyesun._,Comedy & Memes,Viral & Memes
32305,Truememer,109352,true__memer,Comedy & Memes,Viral & Memes
32657,Official Love,108883,officiallove.in,Comedy & Memes,Viral & Memes
41918,The Frustrated Engineer,108770,thefrustratedengineer_,Comedy & Memes,Viral & Memes
32653,School Vs College,108703,_school.vs.college_,Comedy & Memes,Viral & Memes
32408,ᴄᴏᴍᴍɪᴛᴛᴇᴅ Qᴜᴏᴛᴇꜱ & ᴍᴇᴍᴇꜱ,108385,committedponnungada,Comedy & Memes,Viral & Memes
1774,Comedy | Memes | Chutiyapa,108110,fir_chutiyapa,Comedy & Memes,Viral & Memes
32437,Tamil Love Beats,107278,tamil_love_beats,Comedy & Memes,Viral & Memes
32745,Theflirtingschool,107101,theflirtingschoool,Comedy & Memes,Viral & Memes
39509,Motivation || Inspiration || Success,106872,motivated.duniyaa,"News, Media & Magazines",Feel-Good News / Stories
32659,Ashleel Engineer,105435,ashleel.engineer,Comedy & Memes,Viral & Memes
32411,Memes Mania,103821,__.memes.mania.__,Comedy & Memes,Viral & Memes
32654,Schooldays,103656,_schooldayss,Comedy & Memes,Viral & Memes
32790,𝐓𝐡𝐞𝐟𝐫𝐧𝐝𝐬𝐡𝐢𝐩𝐠𝐨𝐚𝐥,101099,thefrndshipgoal,Comedy & Memes,Viral & Memes
32288,Commerce Study,100061,commerce.study,Comedy & Memes,Viral & Memes
15929,Kishore Rawat,99114,emotion_hai,Comedy & Memes,Viral & Memes
32474,Gurjar,98942,gzb_vale_gurjar,Comedy & Memes,Viral & Memes
32427,Cooku With Comali,98039,cookwithcomalioffll,Comedy & Memes,Viral & Memes
32701,The Backbenchers,97778,the.back.bencherss,Comedy & Memes,Viral & Memes
6343,The Teenage Tale,97704,theteenage_tale,"News, Media & Magazines",Feel-Good News / Stories
13520,Meri Shayri,97680,merishayri_17,"News, Media & Magazines",Feel-Good News / Stories
32409,Pubg Pullinga,97148,pubg_pullinga,Comedy & Memes,Viral & Memes
32788,𝗔𝗱𝘂𝗹𝘁 𝗠𝗮𝗳𝗶𝗮𝗮 𝟮𝟬𝟬𝗞,96917,adult.mafiaa,Comedy & Memes,Viral & Memes
32414,Local Ponnunga Da,96601,localponnungada,Comedy & Memes,Viral & Memes
32664,Love School,96208,luv_.school,Comedy & Memes,Viral & Memes
8788,Incognito Telugu,96015,incognito_telugu2.0,Comedy & Memes,Viral & Memes
38877,Bihar Meme,95927,bihar_meme_,Comedy & Memes,Viral & Memes
32789,Comedicollege,95654,comedicollege,Comedy & Memes,Viral & Memes
32748,Ayushi Bhatia,95378,oye_chhorii,Comedy & Memes,Viral & Memes
36382,Premium Memes,95309,premiummemes0,Comedy & Memes,Viral & Memes
32413,Bangampullingo,95240,bangampullingo,Comedy & Memes,Viral & Memes
32416,90skidsdaw_videos,94026,90skidsdaw_videos,Comedy & Memes,Viral & Memes
13531,K Pramod Kumar,93054,thelawyr,"Law, Rights & Activism",Legal Education
31861,Lit Memes Mumbai,91412,litmemesmumbai,Comedy & Memes,Viral & Memes
32689,Memes/news,91051,bakchodtown,Comedy & Memes,Viral & Memes
10589,Prakash Thakur,90878,responseprakash,"News, Media & Magazines",Breaking News & Headlines
32415,Vanthu Paru Puriyum,90760,vanthu_paru_puriyum,Comedy & Memes,Viral & Memes
32795,Epic Studs,90313,epicstuds,Comedy & Memes,Viral & Memes
32791,𝐌𝐞𝐦𝐞 𝐩𝐞𝐞𝐫,90037,thememepeer,Comedy & Memes,Viral & Memes
9121,Gijarati The Root,89278,gujju_doraemon_,Comedy & Memes,Viral & Memes
7949,Purani Dilli Walo Ki Baatein,88990,puranidilliwaley,Community Pages,City-focused Content
11527,Lifeisawesome,87690,lifelsawesome,Comedy & Memes,Viral & Memes
32746,𝙎𝘼𝙉𝙎𝙆𝘼𝙍𝙄𝘿𝙐𝙉𝙄𝘼 𝙊𝙁𝙁𝙄𝘾𝙄𝘼𝙇,87596,sanskaridunia,Comedy & Memes,Viral & Memes
32794,Divine _love,86724,divine_love__,Comedy & Memes,Viral & Memes
29467,Memes New Comedy,86644,hebaghrao,Comedy & Memes,Viral & Memes
19116,𝙐𝙇𝙏𝙍𝘼𝙇𝙀𝙂𝙀𝙉𝘿𝙈𝙀𝙈𝙀𝙎,86588,ultra_legend_memes_,Comedy & Memes,Viral & Memes
26767,Sohail Sayyed,86295,therealsohail_,Lifestyle & Living,Personal Vlogs
32455,Tamil Thug Life,85302,thuglife.tamil,Comedy & Memes,Viral & Memes
32277,Lit Memes Pune,83632,litmemespune,Comedy & Memes,Viral & Memes
32418,Vadivelumemes Backup,83249,vadivelumemes_videos,Comedy & Memes,Viral & Memes
32459,Thendral Katru Offl,82340,thendral_katru_offl,Comedy & Memes,Viral & Memes
32662,18.plussociety,82190,18.plussociety,Comedy & Memes,Viral & Memes
41413,Marathi Samrat,81903,marathisamrat_ig,Comedy & Memes,Viral & Memes
8401,Bankura Memes Shorts,81344,bankuramemes,Comedy & Memes,Viral & Memes
6335,Epic Top Comments,81245,epic_top_comments_india,Comedy & Memes,Viral & Memes
32287,Science Related Memes,80637,memes_for_science_students,Comedy & Memes,Viral & Memes
8050,Crypto Bharat Traders,80085,crypto_bharat_traders,Comedy & Memes,Viral & Memes
51639,Gangs Of Gaya,78961,gangsofgaya,Comedy & Memes,Viral & Memes
29473,Marathi Memes,78430,marathiimemes,Comedy & Memes,Viral & Memes
39069,𝘾𝙤𝙣𝙩𝙖𝙜𝙞𝙤𝙪𝙨 𝘾𝙪𝙧𝙧𝙮 𝙈𝙚𝙢𝙚𝙨,77867,contagiouscurrymemes,Comedy & Memes,Viral & Memes
32666,Shinchan Trollss,77592,shinchan.trollss,Comedy & Memes,Viral & Memes
32466,𝙈𝘼𝙎𝘼𝘼𝙇 𝙑𝘼𝘿𝘼𝙄,77287,masaalvadaimemes,Comedy & Memes,Viral & Memes
11256,Couples Goals Love Forever,76816,osm.pyar,Comedy & Memes,Viral & Memes
13537,Surya,75387,awesome_surya_,Lifestyle & Living,Personal Vlogs
30872,Kaalamadan,73531,kaalamadan,Comedy & Memes,Viral & Memes
43965,Cricketuse,70831,cricketuse,Comedy & Memes,Viral & Memes
32420,Mr.karuthu Kumaru,70018,mr.karuthu_kumaru,Comedy & Memes,Viral & Memes
46740,The Meme Reporter,69799,thememereporter,Comedy & Memes,Viral & Memes
38413,Happy Desi Life,68067,happydesilife,Comedy & Memes,Viral & Memes
32710,Dosti,67696,dosti__karo,Comedy & Memes,Viral & Memes
6346,Kuvelu Tetseo,67350,kuvelutetseo,Arts,Music & Singing
42054,Bgmi Memes,66779,bgmi.memes,Community Pages,Gaming & Anime Community Page
39519,My Cinema Story,66688,mycinemastory,Community Pages,Fan-Page: Movies & Movie-Celebs
46022,Perfect Take Entertainment,66305,perfecttakeentertainment,"News, Media & Magazines",Entertainment
32422,Vaaipilla_raja_vr2.0,64013,vaaipilla_raja_vr2.0,Comedy & Memes,Viral & Memes
7338,Oh Kolkata,63495,ohkolkata,Community Pages,City-focused Content
32452,Break Up Bgm,63049,breakup_bgm,Comedy & Memes,Viral & Memes
32450,Mokka Master,62881,mokka.master,Comedy & Memes,Viral & Memes
45056,Doctor Odia | Odia Memes | Odia Content,62781,doctor.odia,Comedy & Memes,Viral & Memes
30853,Mohit Sharma,62284,mad_d_cent09,Comedy & Memes,Viral & Memes
32421,Enga Thalaiku Thilla Pathiya,61567,enga_thalaiku_thilla_pathiya,Comedy & Memes,Viral & Memes
6892,Gujju,59057,gujju._.halko_,Comedy & Memes,Viral & Memes
32424,Ippavae Kanna Kattudhe,58780,ippavae_kanna_kattudhe,Comedy & Memes,Viral & Memes
32423,Belikelegend,58368,belikelegend,Comedy & Memes,Viral & Memes
11791,Sundaram R | F1 Statistician,57924,f1statsguru,"News, Media & Magazines",Sports News & Coverage
51785,𝐕𝐢𝐬𝐡𝐚𝐥 𝐒𝐢𝐧𝐠𝐡,56239,ig.vishal_singh_rajput01,Comedy & Memes,Viral & Memes
29707,Sarcastic World,53234,your_sarcastic_world,Comedy & Memes,Viral & Memes
11651,Visionary Kamina Vk,53054,visionary_kmina_vk,Comedy & Memes,Viral & Memes
7061,Marathi Insects,52837,marathikide,Comedy & Memes,Viral & Memes
8122,Poems Of The Mind,52703,manassina_kavanagalu,"News, Media & Magazines",Feel-Good News / Stories
46537,Shah Nawaz Ali,51891,alnawazino,Comedy & Memes,Viral & Memes
51883,Jaipur Waipur,51376,jaipur_waipur,Community Pages,City-focused Content
51716,The Musical Freaks,49167,themusicalfreaks,Entertainment,Singing & Music Videos
32284,Science Wale,48740,science.wale,Comedy & Memes,Viral & Memes
31836,Shivani Chaudhary,48564,cricket_ki_diwani,Community Pages,Fan-Page: Sports & Sports-Celebs
41717,Marathi Entertainment Katta,47781,marathi_manoranjan_katta,Comedy & Memes,Viral & Memes
45508,Appatakkars,47460,appatakkars_tamil,Comedy & Memes,Viral & Memes
31795,Storynotch,46676,storynotch,Comedy & Memes,Viral & Memes
12407,Rajiv,46617,rajivcasm13,Comedy & Memes,Viral & Memes
40675,Bbd Parivar,46055,bbd_parivar,Comedy & Memes,Viral & Memes
46244,Unbuttoned Bangaliana,45670,unbuttoned.bangaliana,Comedy & Memes,Viral & Memes
7044,Bhai Bhai,45616,bb_bhai_bhai,Comedy & Memes,Viral & Memes
30518,Memegious,45591,memegious,Comedy & Memes,Viral & Memes
13333,Akash Pandey,45550,akash.pandey11,Lifestyle & Living,Personal Vlogs
39723,All About Marathi Music & Wholesome Memes,44149,thewholesomeboiii__,Comedy & Memes,Viral & Memes
11783,Commerce Student Memes,44014,commerce_duniyaa,Comedy & Memes,Viral & Memes
10673,Ranjith,43229,newsreader_ranjith,Entertainment,Info-tainment
48315,The Fundoze,43105,thefundoze,Comedy & Memes,Funny Shorts
7358,Aarti Sachdeva,43038,aartidesk,Lifestyle & Living,Personal-Development
10996,Sudheer_anna_warangal_fan,41665,sudheer_anna_warangal_fan,Community Pages,Fan-Page: Movies & Movie-Celebs
44440,Babdya,41138,shitmarathiserialsshow,Comedy & Memes,Viral & Memes
9075,Bring. Me. Memes.,41095,bringme.memes,Comedy & Memes,Viral & Memes
5827,Code Tech,39297,code.tech_,Comedy & Memes,Viral & Memes
32282,Crispymemewala 2.0,39263,crispymemewalaa,Comedy & Memes,Viral & Memes
12416,Marathi Insults,39233,marathishivya,Comedy & Memes,Viral & Memes
12518,Amandeep Singh Batra,38371,amandeepsinghbatra,Arts,Film-making & Cinematography
31890,𝗧𝗥𝗢𝗟𝗟 𝗡𝗜𝗟𝗔𝗠𝗕𝗨𝗥,36885,troll_nilambur,Comedy & Memes,Viral & Memes
7161,Anuj Sahay,36671,officialyogibaba,Entertainment,Fun-Content
7370,Arey Enti Ra Edi,36591,arey_entira_edii,Comedy & Memes,Viral & Memes
28056,Big Fart Troll,36225,bigfarttrolls,Comedy & Memes,Viral & Memes
6856,Sourabh Jatav,35878,hellosourabhji,Comedy & Memes,Viral & Memes
8971,Sagar Editz,34074,khesari_lover_98764,"News, Media & Magazines",Entertainment
7189,Indranil Bhattacharya,32535,indranilb.88,Lifestyle & Living,Personal Vlogs
30278,Black Peter,31856,blackpeter30,Community Pages,Gaming & Anime Community Page
14085,Sanjeev Kariyandy,31103,sanjeevoriginals,Entertainment,Fun-Content
12466,Pankaj Sharma,30858,shabdh_,Arts,Creative Writing & Story-Telling
7341,Rajkotiyo,30737,rajkotiyo_official,"News, Media & Magazines",Feel-Good News / Stories
41649,Reels Talentz Official,30129,reels.talentz,Comedy & Memes,Viral & Memes
1995,Amanbhai,29801,its_nk__07,Comedy & Memes,Viral & Memes
43497,Biostrology,28947,biostrology,Comedy & Memes,Viral & Memes
32269,Cricket Memekar,28197,cricketmemekar2.0,Comedy & Memes,Viral & Memes
7357,Jonakaxom,27639,jonakaxom.in,Comedy & Memes,Viral & Memes
32268,Sudhanshu Ranjan Singh,26685,memegineers_,Comedy & Memes,Viral & Memes
7761,Be A Human,26433,standby_thoughts,Comedy & Memes,Viral & Memes
43993,Meme | Funny | Comedy Reels,25667,69._memer,Comedy & Memes,Viral & Memes
14216,The Law Of Kali Yuga,24723,pagal_dikudo,Comedy & Memes,Viral & Memes
44547,Your Memer Buddy,24259,yourmemerbuddy,Comedy & Memes,Funny Shorts
32725,Sonam,23819,fuddukingdom,Comedy & Memes,Viral & Memes
8422,Nitin Dhalla,23727,nitin_tintin10,Lifestyle & Living,Personal Vlogs
6311,Nicky,23689,yours2amtext,Comedy & Memes,Viral & Memes
41258,Alien Level Damilans,23359,alien_level_damilans,Comedy & Memes,Viral & Memes
45621,Scorpio 2022,22935,scorpio2022_,"News, Media & Magazines",Automotive News & Reviews
8047,Vishal Pandya,22802,pandya_rocks,Comedy & Memes,Viral & Memes
7275,Aastha Atray,22649,aasthaatray,Lifestyle & Living,Personal Vlogs
41127,Original Gujarati Tales,22268,originalgujaratitales,Comedy & Memes,Viral & Memes
16848,Cg_photography_boy_and_girl,21355,cg_photography_boy_and_girl,Comedy & Memes,Viral & Memes
41898,Dark Edits,20990,__dark.edits__,Community Pages,Art & Artist Community Page
40275,Sindhi Memes,20262,sindhirandhino,Comedy & Memes,Viral & Memes
6423,Sneha Ghildiyal,20091,halfasleepdoodles,Arts,Doodling & Animation
18755,Aastik Bhatnagar,18152,aastikbhatnagar,Comedy & Memes,Viral & Memes
45495,Comedy World,17970,sarcastics_world,Comedy & Memes,Viral & Memes
38845,Raj Dayal,16378,rxjdayal,Comedy & Memes,Viral & Memes
23294,Whatsapp Masti Ka Adda,16338,wp_adda,Comedy & Memes,Viral & Memes
32271,Savage Cricket Memes,16161,savage.cricket.memes,Comedy & Memes,Viral & Memes
44637,Gada Gada Gudumba Shankara,15760,gada_gada__gudumbashankara,Comedy & Memes,Viral & Memes
10856,Vk Gulia,15624,vk.gulia,Comedy & Memes,Viral & Memes
7011,Karan Gupta,15569,krossdraws,Arts,Doodling & Animation
45797,Indian Car And Bike Memes,14571,automaniac_memer,Comedy & Memes,Viral & Memes
8536,Gauravv K Chawla,14422,gauravvkchawla,Arts,Film-making & Cinematography
7819,Campus Bloggers,12632,campusbloggers,Comedy & Memes,Viral & Memes
38430,Alone,12078,reet.edits.01,"News, Media & Magazines",Entertainment
45425,Bhanu9122,11809,bhanu9122,Comedy & Memes,Viral & Memes
25850,Sarcasm,11321,_itsabhiofficial,Comedy & Memes,Viral & Memes
11424,Roshan,11028,roshanghatedit,Comedy & Memes,Viral & Memes
41432,Globalhub_bharath,10725,globalhub_bharath,"News, Media & Magazines",Lifestyle & Culture
26964,Amitoj Singh,10637,ramblingsbykasak,Arts,Creative Writing & Story-Telling
10791,Anubhavsingh,9985,rinkalsingh333_,Lifestyle & Living,Personal Vlogs
11699,The Viral Guy,9764,_the.viral.guy_,Comedy & Memes,Viral & Memes
51890,Resumeelevato,5440,resumeelevato,Community Pages,Professional/Career-focused Content
